Query,SAGE Score,Traditional Score,SAGE Latency,Traditional Latency,Similarity F1
"<think>
Okay, so the user provided a document in JSON format. Let me read through it to understand what it's about. The summary mentions that there's no information available about who texted Fiona within the last hour of a specific time. The sender_id is ""sage"", and the receiver is ""1"". The message and answer fields both state that there's no relevant info because the messages fall outside the given time frame.

Hmm, the user wants me to generate a specific question about the content of this document. I need to make sure the question is clear and directly related to the information provided. Since the document is about Fiona and the time frame, the question should focus on that. Maybe asking who texted her in that specific hour would be appropriate. 

I should check if the question is precise and doesn't assume any information that's not there. The document explicitly says there's no info, so the question shouldn't imply that there is. It should just seek the identity of the sender within that time. I think that's the best approach.
</think>

Who texted Fiona within the last hour of 2:52 pm on April 19, 2025?",0,0,4.824038028717041,0.784590482711792,0.999999995
"<think>
Okay, so I need to generate a specific question about the content of the provided document. The document is in JSON format and contains a message from Sender ID 1 to Receiver ID 'sage'. The message is about the deputy manager and was sent on April 13, 2025, at 13:55:43.717Z.

First, I'll look at the key elements in the document. There's the sender ID, the receiver ID, the subject (deputy manager), the timestamp, and the format (JSON). 

I should think about what someone might want to know based on this information. Maybe they're curious about the sender, the receiver, the content, or the timing. Since the message is about the deputy manager, perhaps the question should focus on that topic.

So, a specific question could be asking what the message is about. That would directly relate to the content, which is the deputy manager. Alternatively, someone might ask who sent the message or who received it, but since the example question provided is about the content, I'll stick with that.

I need to make sure the question is clear and specific. It should reference the sender ID, the receiver, and the subject. That way, it's directly tied to the information given without being too vague.

Putting it all together, the question should ask what the message from Sender ID 1 to 'sage' is about, specifically mentioning the deputy manager. That covers the main points and is detailed enough to be a good question.
</think>

What is the message from Sender ID 1 to Receiver ID 'sage' about regarding the deputy manager?",0,0,0.974766731262207,0.7287039756774902,0.999999995
"<think>
Okay, so I need to generate a specific question about the content of the given document. The document is a JSON object containing a message from sender 'sage' to receiver '1'. The message is about Hannah being promoted to Deputy Manager, sent on April 13, 2025, at 13:11:30.085Z.

First, I should understand what the document is about. It's a promotion announcement, so the key details are the person promoted (Hannah), her new position (Deputy Manager), the sender (sage), the receiver (ID '1'), and the timestamp.

I need to form a question that specifically asks for one of these details. Since the user provided an example question about the promotion, I should think of another specific detail to ask about. Maybe the sender, the receiver, or the timestamp.

Wait, the example question was about the promotion, so perhaps the user expects a different angle. Maybe I can ask about the sender or the receiver. Let me think: ""Who was the sender of the message?"" That could be a good specific question.

Alternatively, I could ask about the receiver: ""Who was the intended receiver of the message?"" Or about the timestamp: ""When was the message sent?""

I think focusing on the sender is a solid choice. It's a direct detail from the JSON, and it's specific. So the question would be, ""Who was the sender of the message in the document?""

That should work. It's clear, specific, and directly related to the content provided.
</think>

""Who was the sender of the message in the document?""",0,0,0.9957394599914551,0.8090426921844482,0.999999995
"<think>
Okay, so I need to generate a question about what person number 6 is working on or responsible for. Let me think about how to approach this. First, I should understand the context. Person ID: 6 suggests that in some system or list, there are multiple individuals identified by numbers, and 6 is one of them.

I need to frame a question that asks about their current tasks or responsibilities. It should be clear and specific. Maybe I can start with ""What is person 6 working on or responsible for?"" That seems straightforward. But maybe I can make it a bit more detailed. For example, ""What projects or tasks is person 6 currently handling or responsible for?"" That adds a bit more specificity.

Alternatively, I could ask about their role: ""What is person 6's role and what are they responsible for?"" But the user specifically mentioned ""working on or responsible for,"" so perhaps focusing on tasks rather than role is better.

I should ensure the question is grammatically correct and clear. Let me check: ""What is person 6 working on or responsible for?"" Yes, that works. It's concise and directly asks about both current tasks and responsibilities.

I don't think I need to make it more complicated. Sometimes, simplicity is better in questions to get a precise answer. So I'll go with that.
</think>

What is person 6 working on or responsible for?",0,0,0.8801741600036621,0.5554587841033936,0.999999995
"<think>
Okay, so I need to generate a question about what person 5 is working on or responsible for. Hmm, I'm not exactly sure who person 5 is. Maybe it's someone in a team or a specific role. I should make the question clear and specific enough to get a detailed answer. I don't want it to be too vague. 

I wonder if person 5 is in a particular department or has specific projects. Maybe I should phrase it to ask about their current projects or responsibilities. That way, the answer can cover both what they're working on now and what they're in charge of overall.

Let me think about the structure. ""What is person 5 currently working on or responsible for?"" That seems straightforward. It's direct and covers both current tasks and ongoing responsibilities. I think that's a good approach because it allows for a comprehensive answer without being too narrow.

I don't think I need to add more details unless I have specific information about person 5's role, which I don't. So keeping it general but specific enough to get useful information is the way to go. Yeah, that question should work well.
</think>

What is person 5 currently working on or responsible for?",0,0,2.701995849609375,0.8549714088439941,0.999999995
"<think>
Okay, so I need to figure out a question about what user ID 8 is working on or responsible for. Hmm, let's see. I'm not exactly sure what the context is here. Maybe this is in a project management tool or some kind of team collaboration software where users have IDs. 

Alright, so the person with ID 8—I don't know their name or role. I guess I could ask a general question that would apply regardless of their specific position. It should be open-ended enough to get a detailed response, but also clear so that they understand what's being asked.

I should probably start with ""What is"" to get a clear answer. Maybe something like, ""What is user ID 8 currently working on?"" That seems straightforward. Or maybe ""What are the current responsibilities of user ID 8?"" but that might be a bit formal. 

Wait, the user might not know the internal workings, so I should make it easy for them to answer without needing specific information. Maybe ""Can you tell me what user ID 8 is responsible for?"" But that's a bit wordy. 

I think combining both aspects—what they're working on and their responsibilities—would be better. So, ""What is user ID 8 currently working on or responsible for?"" That covers both their tasks and their duties. 

I should make sure the question is polite and clear. Maybe start with ""Could you"" instead of ""Can you"" to sound more polite. So, ""Could you tell me what user ID 8 is currently working on or responsible for?"" That sounds good. It's clear, polite, and covers both aspects the user might want to know.
</think>

Could you tell me what user ID 8 is currently working on or responsible for?",0,0,1.3812201023101807,0.9681529998779297,0.999999995
"<think>
Okay, so I need to generate a question about the relationship between 8 and 2. Hmm, let's see. First, I should think about what kind of relationships two numbers can have. Well, they can be related through operations like addition, subtraction, multiplication, division, or maybe even exponents or factors.

Let me start by considering basic operations. If I add 8 and 2, I get 10. If I subtract 2 from 8, I get 6. Multiplication would be 16, and division would be 4. Those are straightforward, but maybe a bit too simple. I wonder if there's a more interesting relationship.

Thinking about factors and multiples, 8 is actually a multiple of 2. Specifically, 2 times 4 is 8. So that's a key relationship—2 is a factor of 8. Also, 8 divided by 2 is 4, which shows that 2 is a divisor of 8.

Another angle could be powers. 2 squared is 4, and 2 cubed is 8. So 8 is 2 raised to the power of 3. That's an exponential relationship. Maybe that's a good angle because it shows a deeper connection beyond just multiplication.

Alternatively, thinking about binary, 8 is 1000 in binary, and 2 is 10. Not sure if that's relevant here, but it's another way they relate numerically.

Perhaps I can frame a question around exponents since that's a clear and interesting relationship. For example, asking how 8 can be expressed as a power of 2. That would make the question a bit more engaging and educational.

Wait, but the user already provided an example question: ""How can 8 be expressed as a power of 2?"" So maybe I should think of a different angle to make the question unique or cover another aspect.

Let me think about other relationships. 8 and 2 can also be related through their prime factors. 8 is 2^3, so its prime factor is 2. That ties back into the factor relationship.

Maybe another way is to think about division. Since 8 divided by 2 is 4, that shows how 2 is a divisor of 8. Or, in terms of multiples, 2 times 4 equals 8, so 8 is a multiple of 2.

Alternatively, I could think about their properties in different number systems, but that might be too complex for a simple question.

Considering all this, perhaps a question about factors or multiples would be appropriate. For example, ""What is the relationship between 8 and 2 in terms of factors and multiples?"" Or more specifically, ""How is 8 related to 2 as a multiple?""

But maybe that's too broad. The example question focused on exponents, which is a specific and clear relationship. So perhaps another specific relationship would be better.

Another thought: 8 can be halved to get 4, and then halved again to get 2. So that's a division relationship, showing that 2 is the result of dividing 8 by 4.

Wait, but that seems a bit convoluted. The exponent relationship is more direct. Alternatively, considering that 2 is the square root of 4, and 4 is half of 8. But that's getting too indirect.

Maybe a question about the number of times 2 fits into 8, which is division. So, ""How many times does 2 fit into 8?"" That's a basic division question, but it's straightforward.

Alternatively, thinking about binary representations: 8 is 1000, and 2 is 10. They both have a single 1 in their binary forms, but 8 has it in the fourth position, and 2 in the second. That's an interesting point, but maybe too niche unless the context is computer science or binary systems.

I think the exponent relationship is the most straightforward and impactful. It shows a clear, mathematical relationship that's useful in many areas, like algebra or exponents. So a question like, ""What is the relationship between 8 and 2 in terms of exponents?"" would be good.

Wait, but the example question was about expressing 8 as a power of 2, which is essentially the same thing. So maybe I should think of a different phrasing or another aspect.

How about their relationship in terms of prime factors? Since 8 breaks down into 2x2x2, that's another way to show their relationship. So a question could be, ""How does 2 relate to 8 in prime factorization?""

That's a solid angle because it delves into the fundamental components of 8, showing that 2 is its prime factor. It also teaches about prime factorization, which is an important concept.

Alternatively, a question about multiples: ""Is 8 a multiple of 2, and if so, what does that mean?"" This could lead into explaining what multiples are and how they relate to factors.

I think either the exponent or the prime factorization angle would make for a good question. They both highlight significant mathematical relationships that are foundational.

Another thought: considering logarithms, the logarithm base 2 of 8 is 3 because 2^3=8. So that's another layer, but it might be more advanced depending on the audience.

If I were to frame a question around that, it could be, ""What is the logarithm of 8 with base 2, and what does that tell us about their relationship?"" That might be a bit too specific, though.

In summary, the key relationships are:

1. 8 is 2^3 (exponent).
2. 8 is a multiple of 2 (2x4=8).
3. 2 is a prime factor of 8 (2x2x2=8).
4. 8 divided by 2 is 4 (division).
5. In binary, 8 is 1000 and 2 is 10, both powers of two in binary form.

Given these, the most impactful and clear relationships are the exponent and prime factorization. Since the example question used the exponent angle, perhaps the prime factorization would be a good alternative.

So, a possible question could be: ""How does 2 relate to 8 in terms of prime factors?"" Or more specifically, ""What is the prime factorization of 8, and how does it relate to 2?""

Alternatively, combining both aspects: ""How is 8 related to 2 through exponents and prime factors?""

But maybe that's too broad. It might be better to focus on one aspect to keep the question clear.

Given that, I think the exponent relationship is more straightforward and widely recognized, so perhaps that's the best angle. However, since the example already covers that, perhaps the prime factorization is a good alternative.

So, finalizing, a good question could be: ""What is the prime factorization of 8, and how does it relate to the number 2?""

This question not only asks about the relationship but also touches on the concept of prime factors, making it educational.
</think>

The prime factorization of 8 is \(2 \times 2 \times 2\), which means 8 can be expressed as \(2^3\). This shows that 2 is the prime factor of 8, indicating a direct relationship where 2 is a fundamental building block of 8 through multiplication.",0,0,2.611785411834717,2.3585453033447266,0.999999995
"<think>
Okay, so I need to generate a question about the relationship between the numbers 6 and 1744605343633. Hmm, let me think about how these two numbers might be connected.

First, I know that 6 is a pretty small number, while 1744605343633 is huge. Maybe I should start by looking at their basic properties. Let me see, 6 is an even number, a natural number, and it's also a composite number because it has divisors other than 1 and itself (like 2 and 3). 

Now, looking at 1744605343633, that's a really large number. I wonder if it's prime or composite. Given how big it is, I'm guessing it's composite because primes become less frequent as numbers get larger, but I'm not sure. Maybe I should try some divisibility tests on it.

Let me start with small divisors. Since 6 is a multiple of both 2 and 3, maybe 1744605343633 is divisible by 6. To check divisibility by 2, the last digit should be even. The last digit here is 3, which is odd, so it's not divisible by 2. That means it can't be divisible by 6 either because 6 requires divisibility by both 2 and 3. 

Wait, so if 1744605343633 isn't divisible by 2, then it's not divisible by 6 either. That gives a clear relationship: 6 does not divide 1744605343633. But maybe there's another way they're related. Perhaps one is a multiple of the other, but given that 6 is much smaller, it's more likely that 6 could be a factor, but as I saw, it's not.

Alternatively, maybe they have some other mathematical relationship, like one being a factorial or power of the other, but 6! is 720, and 6^ something would be way smaller than 1.7 trillion. So that's probably not it.

Another thought: maybe they are part of a sequence or have digits that relate in some way. Let me check the digits of 1744605343633. It has the digits 1,7,4,4,6,0,5,3,4,3,6,3,3. I notice that 6 appears a couple of times in there. Maybe the number was formed in a way that includes 6 as part of its digits, but I don't know if that's significant.

Alternatively, maybe the larger number is a multiple of some number related to 6, like 3. Let me check if 1744605343633 is divisible by 3. To do that, I can sum its digits and see if the sum is divisible by 3. 

Calculating the sum: 1+7+4+4+6+0+5+3+4+3+6+3+3. Let's add them step by step:

1+7=8

8+4=12

12+4=16

16+6=22

22+0=22

22+5=27

27+3=30

30+4=34

34+3=37

37+6=43

43+3=46

46+3=49

So the sum is 49. 49 divided by 3 is 16 with a remainder of 1, so it's not divisible by 3 either. Therefore, 6 isn't a factor.

Wait, but maybe the number is one more than a multiple of 6. Let me see: 1744605343633 divided by 6 gives some quotient with a remainder. Since it's not divisible by 6, the remainder would be 1, 2, 3, 4, or 5. But without calculating the exact division, I can't be sure.

Alternatively, maybe the larger number is a result of some operation involving 6, like raising 6 to a power or multiplying by 6 repeatedly, but given how large it is, that seems unlikely unless it's part of an exponential function, which would make the number extremely large quickly.

Another angle: perhaps 6 is a digit count or something in the larger number. The larger number has 13 digits, so 6 is less than that. Maybe 6 is the count of a specific digit in the larger number. Let me check: in 1744605343633, how many times does each digit appear?

Looking at each digit:

1: appears once

7: once

4: three times (positions 3,4,9)

6: twice (positions 5,11)

0: once

5: once

3: four times (positions 7,10,12,13)

So 6 appears twice. So maybe the number has two 6s, but I don't know if that's a meaningful relationship.

Alternatively, maybe the sum of the digits is related to 6, but as I calculated before, the sum is 49, which isn't directly related to 6.

Wait, 49 is 7 squared. Not sure if that's relevant.

Alternatively, maybe the number is a factorial, but 1744605343633 is much larger than even 10!, which is 3,628,800. 15! is 1,307,674,368,000, which is less than 1.7 trillion, and 16! is about 20 trillion, so 1.7 trillion is between 15! and 16!. So maybe it's not a factorial.

Alternatively, perhaps it's a power of some number. Let me see: 6^ something. 6^1=6, 6^2=36, 6^3=216, 6^4=1296, and so on. It grows quickly but not to 1.7 trillion in a reasonable exponent. 6^12 is about 2 billion, so 6^12 is 2176782336, which is larger than 1.7 trillion. So 6^12 is approximately 2.17 billion, so 1.7 trillion is about 0.8 times 6^12. Not a direct multiple.

Alternatively, maybe it's related to powers of 10. 1.7 trillion is 1.7 x 10^12. 6 x 10^11 is 600 billion, so not directly.

Alternatively, perhaps the number is a multiple of 6 plus some offset. But without knowing more, it's hard to say.

Another thought: perhaps they are part of a sequence or related through some mathematical function, like logarithms or exponents. Let me see: log base 10 of 1744605343633 is approximately 12.24, which isn't directly related to 6.

Alternatively, maybe the larger number is a concatenation that includes 6, but looking at it, I don't see 6 as a consecutive digit except at the end: 3633. So no, not really.

Wait, maybe I'm overcomplicating this. The simplest relationship is that 6 is not a factor of 1744605343633 because it's not divisible by 2 or 3, as we saw earlier. So the main relationship is that 6 does not divide the larger number.

Alternatively, maybe they share some other property, like both being even or something, but 6 is even and the larger number is odd, so that's not it.

Another angle: perhaps the larger number is a prime number, but I don't think so because it's so large and the sum of its digits isn't a multiple of 3, so it's not divisible by 3, but that doesn't mean it's prime. It could still have other large prime factors.

Wait, maybe 6 is part of a co-prime relationship with the larger number. Since 6 and the larger number share no common factors besides 1, they are co-prime. Let me check: the larger number isn't divisible by 2 or 3, so the GCD of 6 and 1744605343633 would be 1, making them co-prime. That could be a relationship.

So, to sum up, the main relationships I can think of are:

1. 6 is not a factor of 1744605343633 because it's not divisible by 2 or 3.

2. 6 and 1744605343633 are co-prime since their GCD is 1.

3. The larger number contains the digit 6 twice.

But the most significant mathematical relationship is that they are co-prime. So a question could be about whether they are co-prime or not.

Alternatively, a more specific question could be about the GCD of the two numbers.

So, possible questions:

- Is 6 a factor of 1744605343633?

- What is the greatest common divisor of 6 and 1744605343633?

- Are 6 and 1744605343633 coprime?

I think the most straightforward question is about whether 6 is a factor, which we determined it's not because the larger number is odd and not divisible by 3.

But since the user wants a question, not the answer, I need to frame it properly.
</think>

The relationship between 6 and 1744605343633 is that they are coprime; their greatest common divisor is 1. Therefore, a relevant question would be:

Are 6 and 1744605343633 coprime?",0,0,3.854966878890991,0.9368069171905518,0.999999995
"<think>
Okay, so I need to generate a question about the relationship between ""1744605343633"" and ""sage."" Hmm, I'm not exactly sure what each of these refers to. Let me break it down.

First, ""1744605343633"" looks like a number, maybe a large integer. It could be a code, an ID, a timestamp, or something else. I'm not sure. Then, ""sage"" could refer to a few things. It might be Sage, the software for mathematics, Sage as a plant, or maybe a person's name. Since the user mentioned generating a question, I should consider the most likely context where these two would be related.

If I think about ""sage"" as the software, it's a computer algebra system used in mathematics. Maybe the number is related to a version number, a build number, or some kind of identifier within Sage. Alternatively, it could be a timestamp related to a release date or a specific feature in Sage.

Alternatively, if ""sage"" refers to the herb, maybe the number is something like a batch number or a code used in a product containing sage. But that seems less likely because the number is quite large and specific, which is more typical of software or digital identifiers.

Another angle could be that the number is a mathematical constant or a result from a computation done using Sage. Maybe someone used Sage to compute a large number and got 1744605343633 as an output. Or perhaps it's an example used in documentation or a tutorial for Sage.

I should also consider if ""sage"" might be part of a larger term or acronym that I'm not aware of. But I don't recall any common acronyms starting with ""sage"" that would relate to a number like this.

So, putting it together, the most plausible relationship is that 1744605343633 is an identifier related to Sage, the software. Maybe it's a version number, a commit hash, or a specific release. Therefore, a question could ask for clarification or details about what this number represents in the context of Sage.

Alternatively, if it's a timestamp, perhaps it's the time when a certain feature was added or a specific event occurred in Sage's development. I could also consider if it's a serial number for a product related to Sage, but that seems less likely.

I think the best approach is to frame a question that seeks to understand the nature of the number in relation to Sage, possibly in a technical or developmental context. That way, the answer can provide more specific information based on the actual relationship.
</think>

The number 1744605343633 is likely related to Sage, the computer algebra system, possibly serving as a version number, commit hash, or timestamp associated with its development. To clarify, one might ask: ""What is the significance of the number 1744605343633 in relation to Sage, and does it represent a specific version, commit, or event in its development history?""",0,0,3.8320860862731934,1.7202579975128174,0.999999995
"<think>
Okay, I need to generate a question about Project Phoenix based on the provided document. Let me read the document carefully.

The document is a JSON object. It includes a summary, sender_id, receiver_id, message, and sent_time. The summary says it's a message from sender ID 1 to receiver 'sage' asking for a JSON-formatted list of recently promoted individuals. The message field also states, ""Give me the list of people who got promoted recently."" The sent_time is April 13, 2025.

So, the key elements here are:
- Sender ID: 1
- Receiver ID: sage
- Message content: Request for a JSON-formatted list of recently promoted people
- Date: April 13, 2025

I need to form a question about Project Phoenix using this information. Since the document is a message requesting a list of promoted individuals, the question should likely ask about the content or purpose of that message.

Perhaps the question could be about what the message is asking for, or who sent it, or when it was sent. Considering the details, the most relevant aspect is the request for the list of promoted individuals. 

So, the question might be: ""What does the message from Sender ID 1 to Receiver 'sage' on 2025-04-13 request regarding Project Phoenix?""

This question captures the sender, receiver, date, and the content of the request, which is about recently promoted individuals in the context of Project Phoenix.
</think>

**Question:**  
What does the message from Sender ID 1 to Receiver 'sage' on 2025-04-13 request regarding Project Phoenix?",0,0,2.2538650035858154,0.6720123291015625,0.999999995
